<!--
    Input:
        manifest.xml
        android.frameworks.stats@1.0-service.xml
        android.hidl.allocator@1.0-service.xml
        android.system.suspend@1.0-service.xml
        manifest_android.frameworks.cameraservice.service@2.0.xml
        manifest_media_c2_software.xml
-->
<manifest version="1.0" type="framework">
    <hal format="hidl">
        <name>android.frameworks.cameraservice.service</name>
        <transport>hwbinder</transport>
        <version>2.0</version>
        <interface>
            <name>ICameraService</name>
            <instance>default</instance>
        </interface>
        <fqname>@2.0::ICameraService/default</fqname>
    </hal>
    <hal format="hidl">
        <name>android.frameworks.displayservice</name>
        <transport>hwbinder</transport>
        <version>1.0</version>
        <interface>
            <name>IDisplayService</name>
            <instance>default</instance>
        </interface>
        <fqname>@1.0::IDisplayService/default</fqname>
    </hal>
    <hal format="hidl">
        <name>android.frameworks.schedulerservice</name>
        <transport>hwbinder</transport>
        <version>1.0</version>
        <interface>
            <name>ISchedulingPolicyService</name>
            <instance>default</instance>
        </interface>
        <fqname>@1.0::ISchedulingPolicyService/default</fqname>
    </hal>
    <hal format="hidl">
        <name>android.frameworks.sensorservice</name>
        <transport>hwbinder</transport>
        <version>1.0</version>
        <interface>
            <name>ISensorManager</name>
            <instance>default</instance>
        </interface>
        <fqname>@1.0::ISensorManager/default</fqname>
    </hal>
    <hal format="hidl">
        <name>android.frameworks.stats</name>
        <transport>hwbinder</transport>
        <version>1.0</version>
        <interface>
            <name>IStats</name>
            <instance>default</instance>
        </interface>
        <fqname>@1.0::IStats/default</fqname>
    </hal>
    <hal format="hidl">
        <name>android.hardware.media.c2</name>
        <transport>hwbinder</transport>
        <version>1.0</version>
        <interface>
            <name>IComponentStore</name>
            <instance>software</instance>
        </interface>
        <fqname>@1.0::IComponentStore/software</fqname>
    </hal>
    <hal format="hidl">
        <name>android.hidl.allocator</name>
        <transport>hwbinder</transport>
        <version>1.0</version>
        <interface>
            <name>IAllocator</name>
            <instance>ashmem</instance>
        </interface>
        <fqname>@1.0::IAllocator/ashmem</fqname>
    </hal>
    <hal format="hidl">
        <name>android.hidl.manager</name>
        <transport>hwbinder</transport>
        <version>1.2</version>
        <interface>
            <name>IServiceManager</name>
            <instance>default</instance>
        </interface>
        <fqname>@1.2::IServiceManager/default</fqname>
    </hal>
    <hal format="hidl">
        <name>android.hidl.memory</name>
        <transport arch="32+64">passthrough</transport>
        <version>1.0</version>
        <interface>
            <name>IMapper</name>
            <instance>ashmem</instance>
        </interface>
        <fqname>@1.0::IMapper/ashmem</fqname>
    </hal>
    <hal format="hidl">
        <name>android.hidl.token</name>
        <transport>hwbinder</transport>
        <version>1.0</version>
        <interface>
            <name>ITokenManager</name>
            <instance>default</instance>
        </interface>
        <fqname>@1.0::ITokenManager/default</fqname>
    </hal>
    <hal format="hidl">
        <name>android.system.net.netd</name>
        <transport>hwbinder</transport>
        <version>1.1</version>
        <interface>
            <name>INetd</name>
            <instance>default</instance>
        </interface>
        <fqname>@1.1::INetd/default</fqname>
    </hal>
    <hal format="hidl">
        <name>android.system.suspend</name>
        <transport>hwbinder</transport>
        <version>1.0</version>
        <interface>
            <name>ISystemSuspend</name>
            <instance>default</instance>
        </interface>
        <fqname>@1.0::ISystemSuspend/default</fqname>
    </hal>
    <hal format="hidl">
        <name>android.system.wifi.keystore</name>
        <transport>hwbinder</transport>
        <version>1.0</version>
        <interface>
            <name>IKeystore</name>
            <instance>default</instance>
        </interface>
        <fqname>@1.0::IKeystore/default</fqname>
    </hal>
    <hal format="hidl">
        <name>com.fingerprints.extension</name>
        <transport>hwbinder</transport>
        <version>1.0</version>
        <interface>
            <name>IFingerprintAuthenticator</name>
            <instance>default</instance>
        </interface>
        <interface>
            <name>IFingerprintCalibration</name>
            <instance>default</instance>
        </interface>
        <interface>
            <name>IFingerprintEngineering</name>
            <instance>default</instance>
        </interface>
        <interface>
            <name>IFingerprintNavigation</name>
            <instance>default</instance>
        </interface>
        <interface>
            <name>IFingerprintRecalibration</name>
            <instance>default</instance>
        </interface>
        <interface>
            <name>IFingerprintSenseTouch</name>
            <instance>default</instance>
        </interface>
        <interface>
            <name>IFingerprintSensorTest</name>
            <instance>default</instance>
        </interface>
        <fqname>@1.0::IFingerprintAuthenticator/default</fqname>
        <fqname>@1.0::IFingerprintCalibration/default</fqname>
        <fqname>@1.0::IFingerprintEngineering/default</fqname>
        <fqname>@1.0::IFingerprintNavigation/default</fqname>
        <fqname>@1.0::IFingerprintRecalibration/default</fqname>
        <fqname>@1.0::IFingerprintSenseTouch/default</fqname>
        <fqname>@1.0::IFingerprintSensorTest/default</fqname>
    </hal>
    <hal format="native">
        <name>netutils-wrapper</name>
        <transport></transport>
        <version>1.0</version>
    </hal>
    <hal format="hidl">
        <name>vendor.goodix.hardware.biometrics.fingerprint</name>
        <transport>hwbinder</transport>
        <version>2.1</version>
        <interface>
            <name>IGoodixFingerprintDaemon</name>
            <instance>default</instance>
        </interface>
        <interface>
            <name>IGoodixFingerprintDaemonExt</name>
            <instance>default</instance>
        </interface>
        <fqname>@2.1::IGoodixFingerprintDaemon/default</fqname>
        <fqname>@2.1::IGoodixFingerprintDaemonExt/default</fqname>
    </hal>
    <hal format="hidl">
        <name>vendor.qti.hardware.radio.atcmdfwd</name>
        <transport>hwbinder</transport>
        <version>1.0</version>
        <interface>
            <name>IAtCmdFwd</name>
            <instance>AtCmdFwdService</instance>
        </interface>
        <fqname>@1.0::IAtCmdFwd/AtCmdFwdService</fqname>
    </hal>
    <hal format="hidl">
        <name>vendor.qti.hardware.sigma_miracast</name>
        <transport>hwbinder</transport>
        <version>1.0</version>
        <interface>
            <name>Isigma_miracast</name>
            <instance>sigmahal</instance>
        </interface>
        <fqname>@1.0::Isigma_miracast/sigmahal</fqname>
    </hal>
    <hal format="hidl">
        <name>vendor.xiaomi.hardware.displayfeature</name>
        <transport>hwbinder</transport>
        <version>1.0</version>
        <interface>
            <name>IDisplayFeature</name>
            <instance>default</instance>
        </interface>
        <fqname>@1.0::IDisplayFeature/default</fqname>
    </hal>
    <vendor-ndk>
        <version>29</version>
    </vendor-ndk>
    <system-sdk>
        <version>28</version>
        <version>29</version>
    </system-sdk>
</manifest>
