<!--
  Copyright (c) 2016 Qualcomm Technologies, Inc.
  All Rights Reserved.
  Confidential and Proprietary - Qualcomm Technologies, Inc.
-->

<!--
CommonChromatixInfo:
	CommonChromatixInfo is the information about chromatix needed for
		various use cases.
	Ex:- Preview, Snapshot, ZSL, HFR, HDR, Video, Liveshot for ISP, CPP,
		3A and SW PostProc.
	Entries in this node are common for all sensor modes.

ResolutionChromatixInfo:
	ResolutionChromatixInfo is the information about chromatix needed for
		various use cases.
	Ex:- Preview, Snapshot, ZSL, HFR, HDR, Video, Liveshot for ISP, CPP,
		3A and SW PostProc.
	Entries in this node are specific to sensor resolution.

ChromatixName:
	Contains the list of chromatix names for all modules.
	special_mode_mask:
		It is the bit mask for special modes, which is used for
			chromatix selection.
		Special modes can be any mode that needs a special chromatix.
		Ex:- scene mode, DZOOM mode, OIS capture mode, flash mode
		This is applicable for CommonChromatixInfo and
			ResolutionChromatixInfo.
		special_mode_mask="0" means none of the special modes are
			selected.
	sensor_resolution_index:
		It is the sensor resolution index for which chromatix libraries
			will be choosen.
		It is applicable only in ResolutionChromatixInfo.

ISPCommon :
	Common tuning library name for ISP
ISPPreview :
	Preview tuning library name for ISP
ISPSnapshot :
	Snapshot tuning library name for ISP
CPPCommon :
	Common tuning library name for CPP
CPPPreview :
	Preview tuning library name for CPP
CPPSnapshot :
	Snapshot tuning library name for CPP
CPPLiveshot :
	Liveshot tuning library name for CPP
PostProc :
	Tuning library name for postproc module
A3Preview :
	Preview tuning library for 3A
A3Video :
	Video tuning library for 3A

Order of Resolution Pick:
	Assume the current sensor mode is "r" and special mode mask is "s".
	Chromatix for a module and type is choosen in this order till we find a
		valid chroamtix file name or else NULL is returned.
	1) From ResolutionChromatixInfo node for which sensor_resolution_index
		is "r" and special_mode_mask is "s".
	2) From CommonChromatixInfo node for which special_mode_mask is "s".
	3) From ResolutionChromatixInfo node for which sensor_resolution_index
		is "r" and special_mode_mask is "0".
	4) From CommonChromatixInfo node for which special_mode_mask is "0".
	5) NULL is returned if we dont find in any of the above cases.

special_mode_mask values:
	SENSOR_SPECIAL_MODE_NONE = 0,
	SENSOR_SPECIAL_MODE_FLASH = 1,
	SENSOR_SPECIAL_MODE_ZOOM_UPSCALE = 2,
	SENSOR_SPECIAL_MODE_ZOOM_DOWNSCALE = 4,
	SENSOR_SPECIAL_MODE_OIS_CAPTURE = 8,
-->

<ChromatixConfigurationRoot>
  <CommonChromatixInfo>
    <ChromatixName special_mode_mask="0">
      <ISPCommon>imx362_common</ISPCommon>
      <PostProc>imx362_postproc</PostProc>
    </ChromatixName>
    <ChromatixName special_mode_mask = "ZOOM_UPSCALE">
      <CPPSnapshot>imx362_cpp_snapshot_upscale</CPPSnapshot>
    </ChromatixName>
    <ChromatixName special_mode_mask = "ZOOM_DOWNSCALE">
      <CPPSnapshot>imx362_cpp_snapshot_downscale</CPPSnapshot>
    </ChromatixName>
  </CommonChromatixInfo>
  <ResolutionChromatixInfo>
    <ChromatixName sensor_resolution_index="0" special_mode_mask="0">
      <ISPPreview>imx362_snapshot</ISPPreview>
      <ISPSnapshot>imx362_snapshot</ISPSnapshot>
      <ISPVideo>imx362_snapshot</ISPVideo>
      <CPPPreview>imx362_cpp_preview</CPPPreview>
      <CPPSnapshot>imx362_cpp_snapshot</CPPSnapshot>
      <CPPVideo>imx362_cpp_video</CPPVideo>
      <CPPLiveshot>imx362_cpp_liveshot</CPPLiveshot>
      <A3Preview>imx362_fullsize_preview_3a</A3Preview>
      <A3Video>imx362_fullsize_video_3a</A3Video>
    </ChromatixName>
    <ChromatixName sensor_resolution_index="1" special_mode_mask="0">
      <ISPPreview>imx362_video_4k</ISPPreview>
      <ISPSnapshot>imx362_video_4k</ISPSnapshot>
      <ISPVideo>imx362_video_4k</ISPVideo>
      <CPPPreview>imx362_cpp_preview</CPPPreview>
      <CPPSnapshot>imx362_cpp_snapshot</CPPSnapshot>
      <CPPVideo>imx362_cpp_video_4k</CPPVideo>
      <CPPLiveshot>imx362_cpp_liveshot</CPPLiveshot>
      <A3Preview>imx362_4k_preview_3a</A3Preview>
      <A3Video>imx362_4k_video_3a</A3Video>
    </ChromatixName>
    <ChromatixName sensor_resolution_index="2" special_mode_mask="0">
      <ISPPreview>imx362_default_video</ISPPreview>
      <ISPSnapshot>imx362_default_video</ISPSnapshot>
      <ISPVideo>imx362_default_video</ISPVideo>
      <CPPPreview>imx362_cpp_preview</CPPPreview>
      <CPPSnapshot>imx362_cpp_snapshot</CPPSnapshot>
      <CPPVideo>imx362_cpp_video</CPPVideo>
      <CPPLiveshot>imx362_cpp_liveshot</CPPLiveshot>
      <A3Preview>imx362_1080p_video_3a</A3Preview>
      <A3Video>imx362_1080p_video_3a</A3Video>
    </ChromatixName>
    <ChromatixName sensor_resolution_index="3" special_mode_mask="0">
      <ISPPreview>imx362_hfr_60</ISPPreview>
      <ISPSnapshot>imx362_hfr_60</ISPSnapshot>
      <ISPVideo>imx362_hfr_60</ISPVideo>
      <CPPPreview>imx362_cpp_hfr_60</CPPPreview>
      <CPPSnapshot>imx362_cpp_hfr_60</CPPSnapshot>
      <CPPVideo>imx362_cpp_hfr_60</CPPVideo>
      <CPPLiveshot>imx362_cpp_hfr_60</CPPLiveshot>
      <A3Preview>imx362_hfr_60_3a</A3Preview>
      <A3Video>imx362_hfr_60_3a</A3Video>
    </ChromatixName>
    <ChromatixName sensor_resolution_index="4" special_mode_mask="0">
      <ISPPreview>imx362_hfr_120</ISPPreview>
      <ISPSnapshot>imx362_hfr_120</ISPSnapshot>
      <ISPVideo>imx362_hfr_120</ISPVideo>
      <CPPPreview>imx362_cpp_hfr_120</CPPPreview>
      <CPPSnapshot>imx362_cpp_hfr_120</CPPSnapshot>
      <CPPVideo>imx362_cpp_hfr_120</CPPVideo>
      <CPPLiveshot>imx362_cpp_hfr_120</CPPLiveshot>
      <A3Preview>imx362_hfr_120_3a</A3Preview>
      <A3Video>imx362_hfr_120_3a</A3Video>
    </ChromatixName>
    <ChromatixName sensor_resolution_index="5" special_mode_mask="0">
      <ISPPreview>imx362_snapshot_hdr</ISPPreview>
      <ISPSnapshot>imx362_snapshot_hdr</ISPSnapshot>
      <ISPVideo>imx362_snapshot_hdr</ISPVideo>
      <CPPPreview>imx362_cpp_snapshot_hdr</CPPPreview>
      <CPPSnapshot>imx362_cpp_snapshot_hdr</CPPSnapshot>
      <CPPVideo>imx362_cpp_snapshot_hdr</CPPVideo>
      <CPPLiveshot>imx362_cpp_snapshot_hdr</CPPLiveshot>
      <A3Preview>imx362_hdr_snapshot_3a</A3Preview>
      <A3Video>imx362_hdr_snapshot_3a</A3Video>
    </ChromatixName>
    <ChromatixName sensor_resolution_index="6" special_mode_mask="0">
      <ISPPreview>imx362_video_hdr</ISPPreview>
      <ISPSnapshot>imx362_video_hdr</ISPSnapshot>
      <ISPVideo>imx362_video_hdr</ISPVideo>
      <CPPPreview>imx362_cpp_video_hdr</CPPPreview>
      <CPPSnapshot>imx362_cpp_video_hdr</CPPSnapshot>
      <CPPVideo>imx362_cpp_video_hdr</CPPVideo>
      <CPPLiveshot>imx362_cpp_video_hdr</CPPLiveshot>
      <A3Preview>imx362_hdr_video_3a</A3Preview>
      <A3Video>imx362_hdr_video_3a</A3Video>
    </ChromatixName>
  </ResolutionChromatixInfo>
</ChromatixConfigurationRoot>
